authority_id,code,phone,fax,email,covid19hotline,covid19e_mail,covid19fax,aussteige_hotline,aussteige_e_mail,aussteige_fax
1,1.01.0.01.,0461 85-2602,0461 85-1960,amtsarzt@flensburg.de,0461 85-8585,corona@flensburg.de,,,,
2,1.01.0.02.,0431 901 2108,0431 901 621 08,infektionsschutz@kiel.de,,,,,Aussteigekarte@kiel.de,0431 901 - 74 13 37
3,1.01.0.03.,+49 451 122-5315,+49 451 122 5390,corona@luebeck.de,+49 451 122-2676,,+49 451 122-2799,,,
4,1.01.0.04.,04321 942-2810,04321 942-2800,Infektionsschutz@neumuenster.de,,,,,rueckkehrer@neumuenster.de,
5,1.01.0.51.,0481 9749000,0481 974931,fd-gesundheitsschutz@dithmarschen.de,,,,,,
6,1.01.0.54.,+49 4841 67 0,+49 4841 67 89 4431,infektionsmeldungen@nordfriesland.de,0800 200 66 22,,,,,
7,1.01.0.55.,04521 788-880,04521 788-139,ugs@kreis-oh.de,,,,,,
8,1.01.0.56.,+49 4121- 4502-5000,+49 4121 4502-93510,gesundheitsamt@kreis-pinneberg.de,+49 4121- 4502-0,,,,reiserueckkehrer@kreis-pinneberg.de,+49 4121 4502-93777
9,1.01.0.58.,04331 202-560,04331 202-604,gesundheitsamt@kreis-rd.de,,infektionsschutz@kreis-rd.de,,,,
10,1.01.0.59.,+49 4621 810-0,+49 4621 810-55,gesundheitsamt@schleswig-flensburg.de,04621 87-150,,04621 - 87 166,,,
11,1.01.0.61.,04821 69-390,04821 69-403,gesundheitsamt@steinburg.de,,,,,einreise@steinburg.de,
12,1.01.0.62.,+49 4531 160-1282,+49 4531 160-1626,gesundheitsamt@kreis-stormarn.de,,,,,,
13,1.02.0.01.,+49 40 428 11 2000,+49 40 – 427 902 055,Infektionsschutz@altona.hamburg.de,,,,,corona-einreise@altona.hamburg.de,
14,1.02.0.02.,+49 40 4 28 91-2220,+49 40 4 2891-3003,babergedorfgesundheitsamt@bergedorf.hamburg.de,,,,,corona-einreise@bergedorf.hamburg.de,
15,1.03.1.51.,05371 82-702,05371 82-358,gesundheitsamt@gifhorn.de,,,,,,
16,1.03.1.53.,05321 700-800,05321 700-880,gesundheitsamt@landkreis-goslar.de,,,,,,
17,1.03.1.54.,05351 121-1425,05351 121-1614,gesundheitsamt@landkreis-helmstedt.de,,,,,,
18,1.03.1.55.03.,05551 708-570,05551 708-555,gesundheitsamt@landkreis-northeim.de,,,,,,
19,1.03.1.57.,05171 4017001,05171 401-7731,gesundheit@landkreis-peine.de,,,,,,
20,1.03.1.58.,05331 84-503,05331 84-513,gesundheitsamt@lk-wf.de,,,,,,
21,1.03.2.52.,05151 903-5555,05151 903-5002,gesundheit@hameln-pyrmont.de,,,,,,
22,1.03.2.54.,05121 309-7541,05121 309-7809,gesundheit@landkreishildesheim.de,,,,,,
23,1.03.2.55.,+49 5531 707-372,+49 5531 7076673,gesundheitsschutz@landkreis-holzminden.de,,,,,,
24,1.03.2.56.,05021967 900,05021967 933,Infektionsschutz@kreis-ni.de,,,,,,
25,1.03.2.57.01.,+49 5721 703-2500,+49 5721 703-2558,gesundheitsamt@schaumburg.de,+49 5721 703 2570,corona@schaumburg.de,+49 5721 703 2585,,,
26,1.03.3.55.,+49 4131 26-1500,+49 4131 261703,gesundheitsamt@landkreis.lueneburg.de,,,,,,
27,1.03.3.56.,+49 47 91  930  2900,+49 47 91  930  2999,gesundheitsamt@landkreis-osterholz.de,,,,,,
28,1.03.3.57.,04261 983 3203,04261 983 3249,infektionsschutz@lk-row.de,,,,,,
29,1.03.3.58.,05162-970 9110,05162 - 970 9136,Gesundheitsamt@heidekreis.de,,,,,,
30,1.03.3.59.,04141 12-5300,04141 12 5313,gesundheitsamt@landkreis-stade.de,,,,,,
31,1.03.3.60.,0581 82-462,0581 82-474,info@gesundheitsamt-ue-dan.de,,,,,,
32,1.03.4.54.,05931 44-4063,05931 44 3733,landkreis@emsland.de,,,,,reiserueckkehrer@emsland.de,
33,1.03.4.55.,04461 919-0,04461 919-8820,gesundheit@friesland.de,,,,,,
34,1.03.4.56.,05921 96- 1853,05921 96-1877,gesundheitsamt@grafschaft.de,,,,,,
35,1.03.4.57.,0491 926-0,0491 926-1140,gesundheitsaufsicht@lkleer.de,,,,,,
36,1.03.4.58.,04431 85-500,04431 85-555,gesundheitsamt@oldenburg-kreis.de,,,,,,
37,1.03.4.59.,0541 501-0,0541 501-4730,gesundheit@lkos.de,,,,,,
38,1.06.5.35.,06641 977-170,06641 977-179,gesundheitsamt@vogelsbergkreis.de,,,,,,
39,1.06.6.11.,0561 787 1900,0561 787 1911,gesundheitsamt@kassel.de,,,,,,
40,1.06.6.31.,0661 6006-6076,0661 6006-6071,gesundheitsamt@landkreis-fulda.de,0661 6006-6009,Rufbereitschaft.Gesundheitsamt@landkreis-fulda.de,,,,
41,1.06.6.32.,06621 87-2400,06621 87-2425,gesundheitsamt@hef-rof.de,,,,,,
42,1.06.6.34.,05681 775-654,05681 775-653,gesundheitswesen@schwalm-eder-kreis.de,,,,,,
43,1.06.6.35.,05631 954-462,05631 954-490,amtsarzt@lkwafkb.de,,,,,,
44,1.06.6.36.,05651 302-25200,05651 302-25090,gesundheitswesen@werra-meissner-kreis.de,,,,,,
45,1.07.0.53.,02603 972-0,02603 972-6972,referat72@rhein-lahn.rlp.de,,,,,,
46,1.07.0.54.,0671 803-1709,0671 803-1750,post@kreis-badkreuznach.de,,,,,,
47,1.07.0.56.,02641 975-610,02641 975-699,infektionsschutz@kreis-ahrweiler.de,,,,,,
48,1.07.0.58.,06561 15-4630,06561 15-1010,gesundheitsamt@bitburg-pruem.de,,,,,,
49,1.07.0.59.,02671 61-374,02671 61-380,gesundheitsamt@cochem-zell.de,,,,,,
50,1.07.0.60.,06592 933-407,06592 933-400,gesundheitsamt@vulkaneifel.de,,,,,,
51,1.07.0.63.,07274 53-448,07274 53-350,kreisverwaltung@kreis-germersheim.de,07274 53-131,Coronavirus@kreis-germersheim.de,,,,
52,1.07.0.64.,06781 2008-11,06781 25102,Infektionsschutz@landkreis-birkenfeld.de,,,,,,
53,1.07.0.65.,0631 7105-520,0631 7105-495,infoga@kaiserslautern-kreis.de,,,,,,
54,1.07.0.66.,+49 6352 710-500,+49 6352 710-520,gesundheitsamt@donnersberg.de,,,,,,
55,1.07.0.67.,0261 914807-0,0261 914807-50,gesundheitsamt@kvmyk.de,,corona@kvmyk.de,,,,
56,1.07.0.68.,06381 424-0,06381 424-301,gesundheitsamt@kv-kus.de,,,,,,
57,1.07.0.69.,06341 940-606,06341 940-512,gesundheitsamt@suedliche-weinstrasse.de,,,,,,
58,1.07.0.70.,0621 5909-7340,0621 5909-7720,gesundheitsamt@kv-rpk.de,,,,,,
59,1.07.0.71.,06131 69333-0,06131 69333-4298,hildebrandt.romy@mainz-bingen.de,,,,,,
60,1.07.0.73.,02602 124-710,02602 124-701,,0 2602 124-567,Gesundheitsamt@westerwaldkreis.de,,,reiserueckkehrer@westerwaldkreis.de,
61,1.07.0.74.,06322 961-7302,06322 961-7320,Gesundheitsamt@kreis-bad-duerkheim.de,,,,,,
62,1.07.0.75.,02631 803-723,02631 803-737,IfSG.Meldungen@kreis-neuwied.de,,infektionsschutz@kreis-neuwied.de,,,reiserueckkehrer@kreis-neuwied.de,
63,1.07.0.76.,06331 809-402,06331 809-303,gesundheitswesen@lksuedwestpfalz.de,,,,,,
64,1.07.0.80.,06761 82-701,06761 82-777,gesundheitsamt@rheinhunsrueck.de,,virushotline@rheinhunsrueck.de,,,,
65,1.07.0.82.,0651 715-500,0651 715-17904,kv@trier-saarburg.de,,,,,,
66,1.07.0.83.,06571 14-0,06571 14-2503,gesundheitsamt@Bernkastel-Wittlich.de,,,,,,
67,1.07.0.84.,06731 408-7038,06731 408 87039,gesundheitsamt@alzey-worms.de,,,,,,
68,1.07.1.32.,02681 8127-40,02681 8127-00,gesundheitsamt@kreis-ak.de,,,,,,
69,1.08.1.11.,+49 0711 216-59309,+49 711 216 59318,gesundheitsamt@stuttgart.de,,infektionsschutz@stuttgart.de,+49 711 216 9510328,,,
70,1.08.1.15.,07031 663-1740,07031 663-1754,gesundheitsamt@lrabb.de,,,,,,
71,1.08.1.16.,0711 3902 41600,0711 3902 51600,gesundheitsamt@lra-es.de,,,,,,
72,1.08.1.17.,+49 7161 202-5370,+49 7161 202-5390,gesundheitsamt@lkgp.de,,,,,,
73,1.08.1.18.,+49 7141 144-2020,+49 7141 144-59501,gesundheit.verbraucherschutz@landkreis-ludwigsburg.de,,,,+49 7171 144-2022,gesundheitsschutz@landkreis-ludwigsburg.de,+49 7141 144-59501
74,1.08.1.19.,+49 7151 501-1608,+49 7151 501-1634,gesundheit@rems-murr-kreis.de,,,,,,
75,1.08.1.21.,+49 7131 56-3540,+49 7131 56-3539,gesundheitsamt@heilbronn.de,,,,,,
76,1.08.1.25.,07131 994-100,07131 994-174,Gesundheitsamt@landratsamt-heilbronn.de,07131 994-8050,,,,,
77,1.08.1.26.,07940 18 580,07940 18-571,gesuamt@hohenlohekreis.de,07940 18 888,,,,,
78,1.08.1.27.,+49 791 755 6210,+49 791 755 96211,gesundheitsamt@LRASHA.de,,,,,,
79,1.08.1.28.,09341 82-5579,09341 828-5560,gesundheitsamt@main-tauber-kreis.de,,,,,,
80,1.08.1.35.,+49 7321 321 2600,+49 7321 321 552660,gesundheitsamt@landkreis-heidenheim.de,,,,,,
81,1.08.1.36.,07361 503-1120,07361 503-1155,gesundheit@ostalbkreis.de,,,,,,
82,1.08.2.15.,+49 721 936 81940,+49 721 936 82 999,Gesundheitsamt@landratsamt-karlsruhe.de,,,,,reiserueckkehrer@landratsamt-karlsruhe.de,0721 936 82999
83,1.08.2.16.,07222 381-2300,07222 381-2398,Amt23@Landkreis-Rastatt.de,,,,,,
84,1.08.2.22.,,0621 293-2288,,0621 2932222,gesundheitsamt@mannheim.de,,,,
85,1.08.2.25.,+49 6261 84 2446,+49 6261 84 4748,Gesundheitsamt@neckar-odenwald-kreis.de,,,,,,
86,1.08.2.26.,+49 6221 522-1817,+49 6221 522-1899,infektionsschutz@rhein-neckar-kreis.de,,,06221/522 91860,,Einreise@rhein-neckar-kreis.de,
87,1.08.2.35.,07051 160-931,07051   160-949,13.info@kreis-calw.de,,,,,,
88,1.08.2.36.,+49 7231 308 9732,+49 7231 308-9400,gesundheitsamt@enzkreis.de,,,,,,
89,1.08.2.37.,07441 920-4107,07441 920-4199,gafds@kreis-fds.de,,,,,,
90,1.08.3.15.,+49 761 2187-3212,+49 761 2187-3299,gesundheitsschutz@lkbh.de,+49 761 2187-3003,reiserueckkehrer@lkbh.de,,,,0761 2187 773296
91,1.08.3.16.,07641 451-4300,07641 451-4355,hygiene@landkreis-emmendingen.de,,,,,,
92,1.08.3.17.,0781 805-9700,0781 805 1143,gesundheitsamt@ortenaukreis.de,0781 805 9695,,,,,
93,1.08.3.25.,0741 17445-0,0741 17445-50,garw@landkreis-rottweil.de,,,,,,
94,1.08.3.26.,07721 913-7190,07721 913-8918,Gesundheitsamt@lrasbk.de,,,,,,
95,1.08.3.27.,07461 926-4204,07461 926-4286,gesundheitsamt@landkreis-tuttlingen.de,,,,,,
96,1.08.3.35.,07531 8002610,07531 8002688,gesundheitsamt@LRAKN.de,,,,,Corona.Gesundheitsamt@LRAKN.de,07531 800 2490
97,1.08.3.36.,+49 7621 410-2101,+49 7621 410-2199,gesundheit@loerrach-landkreis.de,,,,,,
98,1.08.3.37.,07751 86-5101,07751 86-5199,gesundheitsamt@landkreis-waldshut.de,,,,,,
99,1.08.4.15.,+49 7121 480-4310,+49 7121 480-1818,gesundheitsamt@kreis-reutlingen.de,+49 7121 480-4399,pandemie@kreis-reutlingen.de,,,,+49 7121 480-1872
100,1.08.4.16.,07071 2073330,07071 207-3331,ifsg@kreis-tuebingen.de,07071 207 3600,covid19@kreis-tuebingen.de,,,aussteigerkarten@kreis-tuebingen.de,
101,1.08.4.17.,07471 9309-1568,07471 9309-1669,gesundheitsamt@zollernalbkreis.de,,,,,,
102,1.08.4.25.,0731 185-1730,0731 185-1738,Gesundheitsamt@alb-donau-kreis.de,,,,,,
103,1.08.4.26.,07351 52-6151,07351 52-5352,kreisgesundheitsamt@biberach.de,,,,,,
104,1.08.4.35.,07541 204-5841,07541 204-8806,gesundheitsamt@bodenseekreis.de,,,,,,
105,1.08.4.36.,0751 85-5311,0751 85-5306,ges@landkreis-ravensburg.de,,,,,,
106,1.08.4.37.,07571 102-6401,07571 102-6499,post.gesundheit@lrasig.de,,,,,,
107,1.09.1.61.,0841 305-1461,0841 305-1469,Gesundheitsamt@ingolstadt.de,,,,,,
108,1.09.1.62.,089 233-96300,089 233-47814,gs-is-mw.rgu@muenchen.de,,,,,,
109,1.09.1.71.,+49 8671 502-900,+49 8671 502-930,Gesundheitsamt.aoe@lra-aoe.de,,,,,,
110,1.09.1.72.,08651 773-801,08651 773-820,gesundheitsamt@lra-bgl.de,,,,,,
111,1.09.1.73.02.,08041 505-483,08041 505-132,G-Amt@lra-toelz.de,,,,,,
112,1.09.1.74.,08131 74-1413,08131  74 11713,Gesundheitsamt@lra-dah.bayern.de,,,,,,
113,1.09.1.75.,+49 8092 823-383,+49 8092 823-390,Gesundheitsamt@lra-ebe.bayern.de,,,,,,
114,1.09.1.76.,08421 70-0,08421-70532,gesundheitswesen@lra-ei.bayern.de,,,,,,
115,1.09.1.77.,+49 8122 58 1430,+49 8122 58 1431,gesundheitsamt@lra-ed.de,,,,,,
116,1.09.1.78.,08161 5374-300,08161 5374-399,gesundheitsamt@kreis-fs.de,,,,,,
117,1.09.1.79.,08141 519-800,08141 519-880,gesundheitsamt@lra-ffb.de,,,,,,
118,1.09.1.80.,08821 751-500,08821 751 8406,Gesundheitsamt@lra-gap.de,,,,,,
119,1.09.1.81.,08191 129-1291,08191 129-5205,Gesundheitsamt@LRA-LL.bayern.de,,,,,,
120,1.09.1.82.,08025 704-4300,08025 704-74300,Gesundheitsamt@lra-mb.bayern.de,,,,,,
121,1.09.1.83.,08631 699509,08631 699 533,Gesundheitsamt@lra-mue.de,,,,,,
122,1.09.1.84.,089 6221-1000,089 6221-1164,Gesundheitswesen@lra-m.bayern.de,,,,,,
123,1.09.1.85.01.,08431 57500,08431 57519,gesundheitsamt@lra-nd-sob.de,,,,,,
124,1.09.1.86.,08441 27-1400,08441 27-1420,gesundheitsamt@landratsamt-paf.de,,,,,,
125,1.09.1.87.,08031 392-6002,08031 392-9060,gesundheitsamt@lra-rosenheim.de,,,,,,
126,1.09.1.88.,08151 148-900,08151 148-999,gesundheitsamt@lra-starnberg.de,,,,,,
127,1.09.1.89.,0861/58-147,0861 58-9150,gesundheitsamt@traunstein.bayern,,,,,,
128,1.09.1.90.,0881 681-1600,0881 681 2699,gesundheitsamt@lra-wm.bayern.de,,,,,,
129,1.09.2.71.,0991 3100-150,0991 3100-160,gesundheitsamt@lra-deg.bayern.de,+49 991 3100 477,corona@lra-deg.bayern.de,+49 991 3100 414 77,,,
130,1.09.2.72.,08551 57-400,08551 57-419,gesundheitsamt@landkreis-frg.de,,,,,,
131,1.09.2.73.,09441 207-6015,09441 207-6050,gesundheitsabteilung@landkreis-kelheim.de,,,,,,
132,1.09.2.74.,0871 408-5000,0871 408-1002,gesundheit@landkreis-landshut.de,,,,,,
133,1.09.2.75.,+49 851 397-800,+ 49 851 397 90801,gesundheitsamt@landkreis-passau.de,,,,,,
134,1.09.2.76.,+49 9921 601-420,+49 9921 97002450,Gesundheitswesen@lra.landkreis-regen.de,,,,,,
135,1.09.2.77.,+49 8561 20 419,+49 8561 20 436,gesundheitsamt@rottal-inn.de,,,,,,
136,1.09.2.78.,"09421 973-360,",09421 973-411,gesundheitsamt@landkreis-straubing-bogen.de,,,,,,
137,1.09.2.79.,08731 87 245,08731 87725,gesundheitsamt@landkreis-dingolfing-landau.de,,,,,,
138,1.09.3.61.01.,09621 39 669,09621 37605 366,gesundheitsamt@amberg-sulzbach.de,,,,,,
139,1.09.3.72.,09971 78-450,09971 78-466,gesundheitsamt@lra.landkreis-cham.de,,,,,,
140,1.09.3.73.,09181 470-512,09181 470-500,gesundheitsamt@landkreis-neumarkt.de,,,,,,
141,1.09.3.74.,09602 79-6000,09602 79-6055,gesundheitsamt@neustadt.de,,,,,,
142,1.09.3.75.,0941 4009-0,0941 4009-764,gesundheitsamt@landratsamt-regensburg.de,,,,,,
143,1.09.3.76.01.,09431 471 600,09431 471 634,gesundheitsamt@landkreis-schwandorf.de,,,,,,
144,1.09.3.77.,09631 7076-0,09631 7076-20,Gesundheitsamt@tirschenreuth.de,,,,,,
145,1.09.4.71.,0951 85-651,0951 85-699,gesundheitsamt@lra-ba.bayern.de,,,,,,
146,1.09.4.72.,0921 728-227,0921 728 88 227,renate.rieger@lra-bt.bayern.de,,,,,,
147,1.09.4.73.,09561 514-3201,09561 514-3299,gesundheitsamt@landkreis-coburg.de,,,,,,
148,1.09.4.74.,09191 86-3504,09191 86-3508,Gesundheitsamt@lra-fo.de,,,,,,
149,1.09.4.75.,09281 721-0,09281 16873,gesundheit@landkreis-hof.de,,,,,,
150,1.09.4.76.,09261 678-227,09261 678-415,gesundheitsamt@lra-kc.bayern.de,,,,,,
151,1.09.4.77.,+49 9221 707 600,+49 9221 707 606,hygiene@landkreis-kulmbach.de,,,,,,
152,1.09.4.78.,09571 18-556,09571 18-500,gesundheitswesen@landkreis-lichtenfels.de,,,,,,
153,1.09.4.79.,09232 80–107,09232 809–107,gesundheitswesen@landkreis-wunsiedel.de,,,,,,
154,1.09.5.61.,+49 981 468-7003,+49 981 468-7019,Gesundheitsamt@landratsamt-ansbach.de,,,,,,
155,1.09.5.64.,+49 911 231-0,+49 911 231-4660,gh-v-inf@stadt.nuernberg.de,,,,,,
156,1.09.5.72.01.,+49 9131 803-2200,+49 9131 803-492200,gesundheitsamt@erlangen-hoechstadt.de,,,,,,
157,1.09.5.73.,0911 9773-1806,0911 9773-1803,gesundheitsamt@lra-fue.bayern.de,,,,,,
158,1.09.5.74.,09123 950-6550,09123 950-8024,Gesundheitsamt@nuernberger-land.de,,,,,,
159,1.09.5.75.,09161 92-5305,09161 92-90500,Gesundheitsamt@kreis-nea.de,,,,,,
160,1.09.5.76.,+49 9171 81-1601,+49 9171 81971601,Gesundheitsamt@Landratsamt-Roth.de,,,,,,
161,1.09.5.77.,09141 902-401,09141 902-419,Gesundheitsamt.Lra@Landkreis-WUG.de,,,,,,
162,1.09.6.71.,06021 394 100,06021 394-980,gesundheitsamt@lra-ab.bayern.de,,,,,,
163,1.09.6.72.,+49 971 7165-0,+49 971 8018 133,Gesundheitsamt@landkreis-badkissingen.de,,,,,,
164,1.09.6.73.,09771 94-560,09771 94-500,gesundheitsamt@rhoen-grabfeld.de,,,,,,
165,1.09.6.74.,09521 27-400,09521 27-406,Gesundheitsamt@landratsamt-hassberge.de,,,,,,
166,1.09.6.75.,09321 928 3304,09321 928 3399,gesundheitsamt@kitzingen.de,,,,,,
167,1.09.6.76.,09371 501-523,09371 501-524,Gesundheitsamt@lra-mil.de,,,,,,
168,1.09.6.77.,09353   793-1600,09353   793-7600,gesundheitsamt@lramsp.de,,,,,,
169,1.09.6.78.,09721 55-745,09721 55-737,ga-anmeldung@lrasw.de,,,,,,
170,1.09.6.79.,+49 931 8003-0,+49 931 8003-5940,Gesundheitsamt@lra-wue.bayern.de,,,,,,
171,1.09.7.61.,+49 821 324-2029,+49 821 324-2060,hygiene.gesundheitsamt@augsburg.de,,,,,,
172,1.09.7.64.,+49 8331 850-940,+49 8331 850-949,gesundheitsamt@memmingen.de,,,,,,
173,1.09.7.71.,+49 8251 92 431,+49 8251-8197101,gesundheitsamt@lra-aic-fdb.de,,,,,,
174,1.09.7.72.,0821 3102-2101,0821 3102 1101,Gesundheitsamt@lra-a.bayern.de,,,,,,
175,1.09.7.73.,09071 51-0,09071 51-4870,gesundheit@landratsamt.dillingen.de,,,,,,
176,1.09.7.74.,+49 8221 95-722,+49 8221 95-770,Gesundheitsamt@landkreis-guenzburg.de,,,+49 8221 95 6718,,,
177,1.09.7.75.,0731 7040-1280,0731 7040-5099,gesundheitsdienst@lra.neu-ulm.de,,,,,,
178,1.09.7.76.,08382 270-620,08382 270-633,Gesundheitsamt@landkreis-lindau.de,,,,,,
179,1.09.7.77.,08342 911-623,08342 911-650,Gesundheitsamt@lra-oal.bayern.de,,,,,,
180,1.09.7.78.,08261 995-407,08261 995 10 444,gesundheitsamt@lra.unterallgaeu.de,,,,,,
181,1.09.7.79.01.,0906 74-407,0906 74-415,Gesundheitswesen@lra-donau-ries.de,,,,,,
182,1.09.7.80.,08321 612-520,08321 612-521,Gesundheitsamt@lra-oa.bayern.de,,,,,,
183,1.10.0.41.,0681 506-5305,0681 506-5390,gesundheitsamtsbr@rvsbr.de,,,,,,
184,1.10.0.42.,06861 80420,06861 80-414,gesundheitsamt@merzig-wadern.de,,,,,,
185,1.10.0.43.,06824 906-8830,06824 906-8824,gesundheitsamt@landkreis-neunkirchen.de,,,,,,
186,1.10.0.44.,06831 444-700,06831-444-722,gesundheitsamt@kreis-saarlouis.de,,,,,,
187,1.10.0.45.,06841 104 7170,06841 104-7501,gesundheitsamt@saarpfalz-kreis.de,,,,,,
188,1.10.0.46.,06851 801-5300,06851 801-5390,gesundheitsamt@lkwnd.de,,,,,,
189,1.11.0.01.01.,+49 30 9018-33208,+49 30 9018 33254,hygiene-umwelt@ba-mitte.berlin.de,,,,,,
190,1.11.0.02.01.,+49 30 90298 8000,+49 30 90298 8365,hygiene@ba-fk.berlin.de,,,,,,
191,1.11.0.03.01.,030 9029-52869,030 90295-2901,,,corona@ba-pankow.berlin.de,,,,
192,1.11.0.04.01.,+49 30 9029 16047,+49 30 9029 16050,Hygiene@charlottenburg-wilmersdorf.de,+49 30 9029 16662,hygiene@charlottenburg-wilmersdorf.de,,,,
193,1.11.0.05.01.,+49 30 90279-4031,+49 30 90279-4085,Ges2@ba-spandau.berlin.de,,,,,,
194,1.11.0.06.01.,+49 30 90299 3624,+49 30 90299 3373,hygiene@ba-sz.berlin.de,+49 30 90299-3670,corona@ba-sz.berlin.de,,,,
195,1.11.0.07.01.,+49 30 90277-7351,+49 30 90277-7504,hygiene@ba-ts.berlin.de,,corona@ba-ts.berlin.de,,,,
196,1.11.0.08.01.,+49 30 90239-2254,+49 30 90239-3743,geshyg@bezirksamt-neukoelln.de,,,,,,
197,1.11.0.09.01.,030 90297-4773,030 90297-4774,geshum@ba-tk.berlin.de,,covid19@ba-tk.berlin.de,,,,
198,1.11.0.10.01.,+49 30 90293-3639,+ 49 30 90293-3628,Hygiene-MH@ba-mh.berlin.de,,,,,,
199,1.11.0.11.01.,+49 30 90 296-7552,+49 30 90 296-7553,hygiene@lichtenberg.berlin.de,,,,,,
200,1.11.0.12.01.,+49 30 90294-2253,+49 30 90294-5049,gesundheitsamt@reinickendorf.berlin.de,,,,,,
201,1.12.0.51.,03381 58-5301/-5300,03381 58-5304,Gesundheitsamt@Stadt-Brandenburg.de,,,,,,
202,1.12.0.52.,0355 612 3210,0355 612 133504,gesundheitsamt@cottbus.de,,,,,,
203,1.12.0.53.,,0335 5525382,infektionsschutz@frankfurt-oder.de,0335 5525301,,,,,
204,1.12.0.54.,0331/289-0,0331 289-2353,Gesundheitsamt@Rathaus.Potsdam.de,0331 289-2351,infektionsschutz@rathaus.potsdam.de,,,,
205,1.12.0.60.,03334 214-1601,03334 214-2601,gesundheitsamt@kvbarnim.de,,,,,,
206,1.12.0.61.,03375 26-2145,03375 26-2176,Gesundheitsamt@dahme-spreewald.de,,,,,reiserueckkehrer@dahme-spreewald.de,
207,1.12.0.62.,03535 463101,03535 46-3122,gesundheitsamt@lkee.de,,,,,,
208,1.12.0.63.,03385 551-7101,03385 551-7100,gesundheitsamt@havelland.de,,,,,,
209,1.12.0.64.,03346 850-6701,03346 850-6709,gesundheitsamt@landkreismol.de,03346 850-6790,,,,,
210,1.12.0.65.,03301 6013751,03301 601 3750,FB-Gesundheit@oberhavel.de,03301 601 3900,Ges.Corona@oberhavel.de,,,,
211,1.12.0.66.,+49 3573 87043-01,+49 3573 8704310,gesundheitsamt@osl-online.de,,,,,,
212,1.12.0.67.,03366 35-2201,03366 352298,hygiene@l-os.de,,,,,,
213,1.12.0.68.,03391 688-5300,03391 6885302,gesundheitsamt@opr.de,,,,,,
214,1.12.0.69.,0049 33841 91-297,0049 33841 91-377,gesundheitsamt@potsdam-mittelmark.de,,,,,,
215,1.12.0.70.,03876-713 500,03876 713 550,gsa@lkprignitz.de,03876-713313,,,,,
216,1.12.0.71.,03562 986-0/-15301,03562 986-15388,gesundheitsamt@lkspn.de,,,,,,
217,1.12.0.72.,03371 608-3800,03371 608-9050,gesundheitsamt@teltow-flaeming.de,,,,,,
218,1.12.0.73.,03984 70 1153,03984 70 3453,infektionsschutz@uckermark.de,,,,,,
219,1.13.0.03.,0381 381-5301,,ga.infektionsschutz@rostock.de,,,,,,0381 381 9552
220,1.13.0.04.,0385 545-2820,0385 545-2829,gesundheitsamt@schwerin.de,,,,,,
221,1.13.0.71.,+49 395 57087 3147,+49 395 57087 65952,gesundheitsamt@lk-seenplatte.de,,coronahotline@lk-seenplatte.de,,+49 395 57087 5330,,
222,1.13.0.72.,03843 755 53999,03843 755 53804,infektionsschutz@lkros.de,,,,,,
223,1.13.0.73.,0049 3831 357 2301,0049 3831 357 442383,FD33@lk-vr.de,,,,,,
224,1.13.0.74.,03841 3040-5301,03841 3040-5399,ga@nordwestmecklenburg.de,,,,,,03841 3040 85399
225,1.13.0.75.,03834 8760 2401,03834 8760 9033,gesundheitsamt@kreis-vg.de,,,,03834 8760 2300,,03834 8760 99037
226,1.13.0.76.,03871 722-5300,03871  722 77 5377,fd53@kreis-lup.de,,,,03871 722-5390,,
227,1.14.5.11.,0371 488-5301,0371 488-5399,gesundheitsamt@stadt-chemnitz.de,0371 488 5302,corona@stadt-chemnitz.de,,,,
228,1.14.5.21.02.,+49 3733 831-3008,+49 3771 277 3212,gsa.ifs@kreis-erz.de,,,,,,
229,1.14.5.22.01.,+49 3731 799-6249,+49 3731 799-6822,gesundheit@landkreis-mittelsachsen.de,,,,,reiserueckkehrer@landkreis-mittelsachsen.de,
230,1.14.5.23.02.,03741 300 3501,03741 300 - 4071,gesundheitsamt@vogtlandkreis.de,03741 300 3570,,,,,
231,1.14.5.24.01.,0375 4402-22401,0375 4402-22409,gesundheitsamt@landkreis-zwickau.de,,,,,,
232,1.14.6.12.,0351 4885301,0351 4 885303,gesundheitsamt@dresden.de,,gesundheitsamt-infektionsschutz@dresden.de,,,,
233,1.14.6.25.03.,03591 5251-53213,03591 5251-53299,gesundheitsamt@lra-bautzen.de,,,,,,
234,1.14.6.26.01.,03581 663 2601,03581 663 627 77,gesundheitsamt@kreis-gr.de,,,,,aussteigerkarten@kreis-gr.de,
235,1.14.6.27.01.,+49 3521  725 3455,+49 3521  725 88054,ga.infektionsschutz@kreis-meissen.de,,corona@kreis-meissen.de,,,,
236,1.14.6.28.01.,03501  515 2318,03501  515 2309,gesundheit.infektionsschutz@landratsamt-pirna.de,,,,,,
237,1.14.7.13.,0341 123-6809,0341 123 6805,hygiene@leipzig.de,,,,,,
238,1.14.7.29.01.,+49 3437 984-2400,+49 3437 984-2497,gesundheitsamt@lk-l.de,,,,,,
239,1.14.7.30.01.,03421 758-6301,03421  758 85 63 10,Infektionsmeldungen@lra-nordsachsen.de,,,,,,
240,1.15.0.01.,0340 204-2053,0340 – 204 2692590,gesundheitsamt@dessau-rosslau.de,,,,,,
241,1.15.0.02.,0345 221-3220,0345 221-3222,gesundheitsamt@halle.de,,,,,,
242,1.15.0.03.,0391 540-6001,0391 540-6006,gesundheitswesen@magdeburg.de,,,,,,
243,1.15.0.81.,03901 840 570,03901 840 585,Gesundheitsamt@altmarkkreis-salzwedel.de,,,,,,
244,1.15.0.82.02.,034 96  60 17 51,034 96  60 17 52,gesundheitsamt@anhalt-bitterfeld.de,,,,,,
245,1.15.0.83.01.,03904 7240-2551,03904 7240-52667,gesundheit@landkreis-boerde.de,,,,,,
246,1.15.0.84.02.,03445 731673,03445 731675,gesundheitsamt@blk.de,,,,,,
247,1.15.0.85.03.,03941 5970 2301,03941 59 70-2300,gesundheitsamt@kreis-hz.de,,,,,,
248,1.15.0.86.,03921 949-5300,03921 949-9653,gesundheitsamt@lkjl.de,,,,,,
249,1.15.0.87.02.,03464 535-4400,03464 535-4490,gesundheitsamt@lkmsh.de,,,,,,
250,1.15.0.88.02.,03461 40 1700,03461 40 1702,Gesundheitsamt@saalekreis.de,,,,,,
251,1.15.0.89.01.,03471 684-1471,03471 684-551470,gesundheit@kreis-slk.de,,,,,,
252,1.15.0.90.,03931 607-900,03931 607-902,Gesundheitsamt@landkreis-stendal.de,,,,,,
253,1.15.0.91.,03491 479-348,03491 479-351,gesundheitsamt@landkreis-wittenberg.de,,,,,,
254,1.16.0.51.,0361 655-4201,0361 655-4259,infektionsschutz@erfurt.de,0361 655 4252,faxinfektionsschutz@erfurt.de,,,,
255,1.16.0.52.,0365 838 3501,0365 838 3505,gesundheit@gera.de,0365 838 3526,,,,,
256,1.16.0.53.,03641 493-136,03641 493-127,gesundheitsamt@jena.de,03641493-121,,,,,
257,1.16.0.54.,03681 742-815,03681 742-843,gesundheitsamt@stadtsuhl.de,,,,,,
258,1.16.0.55.,03643 762-752,03643 762-755,gesundheitsamt@stadtweimar.de,,,,,,
259,1.16.0.61.,03606 650-5300,03606 650-9022,gesundheitsamt@kreis-eic.de,03606 650 5301,,03606 650 9099,,,
260,1.16.0.62.,03631 911 5400,03631 911 5449,gesundheitswesen@LRANDH.THUERINGEN.de,,,,,,
261,1.16.0.63.,03695 617410,03695 617499,gesundheitsamt@wartburgkreis.de,03691 670 460,,,,,
262,1.16.0.64.01.,03601 802-382,03601 802-383,gesundheitsamt@lrauh.thueringen.de,,,,,,
263,1.16.0.65.01.,03632 741-471,03632 741-472,gsa@kyffhaeuser.de,,,,,,
264,1.16.0.66.,+49 3693 485 8739,+49 3693 485 8273,hygiene@lra-sm.de,,,,,,
265,1.16.0.67.,03621 214-634,03621 214-665,Gesundheit@kreis-gth.de,03621 214 635,,,,,
266,1.16.0.68.,03634 354-781,03634 354-780,gesundheitsamt@lra-soemmerda.de,,,,,,
267,1.16.0.69.,03685 445-416,03685 445-501,Hygiene@lrahbn.thueringen.de,03685 4450,,,,,
268,1.16.0.70.02.,03628 738-501,03628 738-503,ges@ilm-kreis.de,03628 738-509 / 536,,,,,
269,1.16.0.71.,03644 540-580,03644 540-589,post.gesundheitsamt@wl.thueringen.de,,,,,,
270,1.16.0.72.,03675 871-247,03675 871-457,gesundheitsamt@lkson.de,,,03675 871-431,,,
271,1.16.0.73.02.,03671 823-674,03671 823-688,gesundheitsamt@kreis-slf.de,03671 823 669,,,,,
272,1.16.0.74.,036691 70-833,036691 70-753,ga@lrashk.thueringen.de,,,036691 70-757,,,
273,1.16.0.75.03.,03663 488-590,03663 488.491,gesundheit@lrasok.thueringen.de,03663 488-0,,,,,
274,1.16.0.76.,+49 3661 876-500,+49 3661 876-77500,hygiene@landkreis-greiz.de,,,03661  876 77 510,,,
275,1.16.0.77.,+49 3447 586-822,+49 3447 586-844,gesundheit@altenburgerland.de,,,,,,
276,1.03.4.59.,0541 501-0,0541 501-4730,gesundheit@lkos.de,,,,,,
277,1.03.4.60.,04441 898-0,04441 898-1034,gesundheitsamt@landkreis-vechta.de,,,,,,
278,1.03.4.61.,04401 927-511,04401 4285,susanne.huth@lkbra.de,,,,,,
279,1.03.4.62.,04462 86-01,04462 86-1504,gesundheitsamt@lk.wittmund.de,,,,,,
280,1.04.0.11.,+49 421 361-15113,+49 421-49615918,infektion@gesundheitsamt.bremen.de,,,,,,
281,1.04.0.12.,0471 590-2281,0471 590 3502382,gesundheitsamt@magistrat.bremerhaven.de,,,,,,
282,1.05.1.11.,0211-8992603,0211 89-29651,,0211-89 96090,gesundheitsschutz@duesseldorf.de,,,,
283,1.05.1.12.,0203 283-2755,0203 283-4340,gesundheitsamt@stadt-duisburg.de,0203 94000,,,,,
284,1.05.1.13.,0201 88-53000,0201 88-53015,aerztlicher-dienst@gesundheitsamt.essen.de,,,,,,
285,1.05.1.14.,02151 86-3500,02151 86-3552,gesundheitsamt@krefeld.de,,,,,,
286,1.05.1.16.,+49 2161 25-6500,+49 2161 25 6539,gesundheitsamt-hotline@moenchengladbach.de,,,,,,
287,1.05.1.17.,0208 455-5300,0208 455-5399,gesundheitsamt@muelheim-ruhr.de,,,,,,
288,1.05.1.19.,0208 825-2570,0208 825-3401,Bereich.Gesundheit@oberhausen.de,,,,,,
289,1.05.1.20.,02191 16-3901,02191 16-3281,gesundheit@remscheid.de,,,,,,
290,1.05.1.22.,0212 290 2511,0212 290-2730,stadtdienst.gesundheit@solingen.de,0212 290 2020,,,,,
291,1.05.1.24.,+49 202 563-2800,+49 202 563-4724,infektionshygiene@stadt.wuppertal.de,,,,,,
292,1.05.1.54.,02821 85-0,02821 85-530,Info@Kreis-Kleve.de,,,,,,
293,1.05.1.58.,02104 99-2251,02104 99-5253,Kreisgesundheitsamt@Kreis-Mettmann.de,,,,,,
294,1.05.1.62.,02181 601-5301,02181 601-5399,gesundheitsamt@rhein-kreis-neuss.de,,,,,,
295,1.05.1.66.,02162 391756,02162 391698,gesundheitsamt@kreis-viersen.de,,,,,,
296,1.05.1.70.,0281 2070,02841 202-1114,gesundheitswesen@kreis-wesel.de,,,,,,
297,1.05.3.14.,0228 77 3803,0228 - 77 961 96 02,Gesundheitsaufsicht@bonn.de,,corona@bonn.de,,,,
298,1.05.3.15.,0221 221-24728,0221 221-23553,gesundheitsamt@stadt-koeln.de,,,,,,
299,1.01.0.51.,0481 9749000,0481 974931,fd-gesundheitsschutz@dithmarschen.de,,,,,,
300,1.01.0.53.,+49 4541 888-380,+49 4541 888-259,gesundheitsdienste@kreis-rz.de,,,,,,
301,1.01.0.54.,+49 4841 67 0,+49 4841 67 89 4431,infektionsmeldungen@nordfriesland.de,0800 200 66 22,,,,,
302,1.06.4.40.,,06031 83 91 2310,gesundheitsamt@wetteraukreis.de,06031 83-2300,,,,,
303,1.06.5.31.,,+49 641 9390-1605,hygiene@lkgi.de,+49 641 9390 3560,,,,,
304,1.06.5.32.,06441 407-1616,06441 407-1067,gesundheitsamt@lahn-dill-kreis.de,,,,,,
305,1.01.0.56.,+49 4121- 4502-5000,+49 4121 4502-93510,gesundheitsamt@kreis-pinneberg.de,+49 4121- 4502-0,,,,reiserueckkehrer@kreis-pinneberg.de,+49 4121 4502-93777
306,1.01.0.57.,04522 743-531,04522 743-467,gesundheitsamt@kreis-ploen.de,,,,,,
307,1.01.0.58.,04331 202-560,04331 202-604,gesundheitsamt@kreis-rd.de,,infektionsschutz@kreis-rd.de,,,,
308,1.06.5.32.,06441 407-1616,06441 407-1067,gesundheitsamt@lahn-dill-kreis.de,,,,,,
309,1.06.5.33.,06431 296-613,06431 296-834,gesundheitsamt@limburg-weilburg.de,,,,,,
310,1.06.5.34.,06421 405-40,06421 405-4161,Gesundheitsamt@marburg-biedenkopf.de,,,,,,
311,1.06.5.35.,06641 977-170,06641 977-179,gesundheitsamt@vogelsbergkreis.de,,,,,,
312,1.01.0.59.,+49 4621 810-0,+49 4621 810-55,gesundheitsamt@schleswig-flensburg.de,04621 87-150,,04621 - 87 166,,,
313,1.01.0.60.,04551 951-9349,04551 951-9340,infektionsschutz@segeberg.de,,,,,,
314,1.01.0.61.,04821 69-390,04821 69-403,gesundheitsamt@steinburg.de,,,,,einreise@steinburg.de,
315,1.02.0.02.,+49 40 4 28 91-2220,+49 40 4 2891-3003,babergedorfgesundheitsamt@bergedorf.hamburg.de,,,,,corona-einreise@bergedorf.hamburg.de,
316,1.02.0.03.,+49 40 42801-3400,+49 40 42790 3371,infektionsschutz@eimsbuettel.hamburg.de,,,,,corona-einreise@eimsbuettel.hamburg.de,
317,1.02.0.04.,+49 40 42854-4631,+49 40 42790-1187,Gesundheitsamtmitte@hamburg-mitte.hamburg.de,,,,,corona-einreise@hamburg-mitte.hamburg.de,
318,1.02.0.05.,040 42804-2675,040 427904-008,Infektionsschutz@hamburg-nord.hamburg.de,,,,,corona-einreise@hamburg-nord.hamburg.de,
319,1.02.0.06.,,040 427 90  7190,gesundheitsamt@harburg.hamburg.de,040 428 71-2307,,,,corona-einreise@harburg.hamburg.de,
320,1.02.0.07.,,+49 40 4279 054 99,Infektionsschutz@wandsbek.hamburg.de,+49 40 428 81- 3494,Gesundheitsamt@wandsbek.hamburg.de,,,corona-einreise@wandsbek.hamburg.de,
321,1.03.1.01.,0531 470-7022,0531 470-7040,Gesundheitsamt@braunschweig.de,,gesundheitsschutz@braunschweig.de,,,,
322,1.03.1.02.,05341 839-2022,05341 839-2060,Gesundheit@Stadt.Salzgitter.de,,,,,,
323,1.03.1.03.,05361 28-2020,05361 28-2002,gesundheitsamt@stadt.wolfsburg.de,05361 28 5995,infektionsschutz@stadt.wolfsburg.de,05361 28 5111,,,
324,1.03.1.51.,05371 82-702,05371 82-358,gesundheitsamt@gifhorn.de,,,,,,
325,1.05.3.15.,0221 221-24728,0221 221-23553,gesundheitsamt@stadt-koeln.de,,,,,,
326,1.05.3.16.,,0214  4065302,infektionsschutz@stadt.leverkusen.de,,,,,,
327,1.05.3.34.,+49 241 51985300,+49 241 51985399,Gesundheitsamt@Staedteregion-Aachen.de,,,,,,
328,1.05.3.58.,+49 2421-221053210,+49 2421-222232,infektionserkrankungen@kreis-dueren.de,,,,,,
329,1.05.3.62.,+49 2271-83-15310,+49 2271-83-25310,gesundheitsamt@rhein-erft-kreis.de,,,,,,
330,1.05.3.66.,02251 15-0,02251 15-497,infektionsschutz@kreis-euskirchen.de,,,,,,
331,1.05.3.70.,02452 13-5311,02452 13-5395,gesundheitsamt@Kreis-Heinsberg.de,,,,,,
332,1.05.3.74.,02261 88-5305,02261 88-5300,amt53@obk.de,,,,,,
333,1.03.1.58.,05331 84-503,05331 84-513,gesundheitsamt@lk-wf.de,,,,,,
334,1.03.1.59.,0551 400-4802,0551 400-4930,gesundheitsamt@goettingen.de,,,,,,
335,1.03.2.41.,05 11 6 16-43434,0511  616-48576,hygiene@region-hannover.de,,coronavirus@region-hannover.de,,,,
336,1.03.2.51.,05441 976-1801,05441 976-1756,gesundheitsamt@diepholz.de,,,,,,
337,1.03.2.52.,05151 903-5555,05151 903-5002,gesundheit@hameln-pyrmont.de,,,,,,
338,1.05.3.74.,02261 88-5305,02261 88-5300,amt53@obk.de,,,,,,
339,1.05.3.78.,,02202 13 102699,gesundheitsamt@rbk-online.de,,,,,,
340,1.05.3.82.,02241 13-3535,02241 13-3082,gesundheitsamt@rhein-sieg-kreis.de,,,,,,
341,1.05.5.12.,+49 2041 70-30,+49 2041 70-3811,amt53@bottrop.de,,,,,,
342,1.05.5.13.,,0209 169-3505,referat.gesundheit@gelsenkirchen.de,,,,,,
343,1.05.5.15.,0251 492-5301,0251 492-7927,gesundheitsamt@stadt-muenster.de,,,,,,
344,1.05.5.54.,+49 2861 681 5809,+49 2861 681 82 1620,fax.f5320@kreis-borken.de,,,,,,
345,1.05.5.58.,02541 18-5300,02541 18-5499,gesundheit@kreis-coesfeld.de,,,,,,
346,1.05.5.62.,02361 53-1,02361 53-4623,Gesundheitsamt@kreis-recklinghausen.de,,,,,,
347,1.03.2.57.01.,+49 5721 703-2500,+49 5721 703-2558,gesundheitsamt@schaumburg.de,+49 5721 703 2570,corona@schaumburg.de,+49 5721 703 2585,,,
348,1.03.3.51.,05141 916-5000,05141 916-5099,Carsten.Bauer@lkcelle.de,,,,,,
349,1.03.3.52.,+49 4721-66 26 00,+49 4721 66270563,gesundheitsamt@Landkreis-Cuxhaven.de,,,,,,
350,1.03.3.53.,04171 693-372,04171 693-174,Gesundheitsamt@lkharburg.de,,,,,,
351,1.03.3.55.,+49 4131 26-1500,+49 4131 261703,gesundheitsamt@landkreis.lueneburg.de,,,,,,
352,1.05.5.62.,02361 53-1,02361 53-4623,Gesundheitsamt@kreis-recklinghausen.de,,,,,,
353,1.05.5.66.,02551 692820,02551 692801,gesundheitsamt@kreis-Steinfurt.de,,,,,,
354,1.05.5.70.,+49 2581 535300,+49 2581 535399,gesundheitsaufsicht@kreis-warendorf.de,,,,,,
355,1.05.7.11.,0521-516008,0521 51-3406,gesundheitsamt@bielefeld.de,,,,,,
356,1.05.7.54.,+49 5241 85 0,+49 5241 851717,abt24@gt-net.de,,,,,,
357,1.05.7.58.,05221 13-0,05221 13-172116,infektionsschutz@kreis-herford.de,,,,,,
358,1.05.7.62.,05271 965-2222,05271 965-2499,gesundheitsschutz@kreis-hoexter.de,,,,,,
359,1.05.7.66.,05231 62-1100,05231 62234,gesundheitsschutz@kreis-lippe.de,,,,,,
360,1.03.3.60.,0581 82-462,0581 82-474,info@gesundheitsamt-ue-dan.de,,,,,,
361,1.03.3.61.02.,04231 15-500,04231  15-607,jutta-dreyer@landkreis-verden.de,,,,,,
362,1.03.4.01.,04221 99-2616,04221 99-1231,gesundheit@delmenhorst.de,,,,,,
363,1.03.4.02.,04921 87-1650,04921/87 1679,gesundheitsaufsicht@emden.de,,,,,,
364,1.03.4.03.,0441 235-4444,0441 235-8620,gesundheitsamt@stadt-oldenburg.de,,,,,,
365,1.03.4.05.,04421 16-1570,04421 16-1569,gesundheitsamt@wilhelmshaven.de,,,,,,
366,1.03.4.51.,04488 5653-00,04488 56-5355,gesundheitsamt@ammerland.de,,,,,,
367,1.03.4.52.,04941 16-5300,04941 16-5349,gesundheitsaufsicht@landkreis-aurich.de,,,,,,
368,1.03.4.53.,04471 15-436 o.-248,04471-15330,gesundheitsamt@lkclp.de,,,,,,
369,1.03.4.54.,05931 44-4063,05931 44 3733,landkreis@emsland.de,,,,,reiserueckkehrer@emsland.de,
370,1.05.7.66.,05231 62-1100,05231 62234,gesundheitsschutz@kreis-lippe.de,,,,,,
371,1.05.7.70.,0571 807-0,0571-80738350,gesundheitsamt@minden-luebbecke.de,,Infektionsschutz@minden-luebbecke.de,,,,
372,1.05.7.74.,+49 5251 308-5332,+49 5251 308-5399,FB53@kreis-paderborn.de,,,,,einreise@kreis-paderborn.de,
373,1.05.9.11.,0234 910-3200,0234 910-1399,Amt53@bochum.de,,,,,,
374,1.05.9.13.,+49 23150-13149,+49 231  50-2 35 92,gesundheitsamt@dortmund.de,,,,,,
375,1.05.9.14.,02331 207-3555,02331 207-2453,gesundheitsamt@stadt-hagen.de,,,,,,
376,1.05.9.15.,+49 2381 17-6401,+49 2381 17-2983,gesundheitsamt@stadt.hamm.de,,,,,,
377,1.05.9.16.,+49 2323 161653,+49 2323 1612339282,gesundheitsaufsicht@herne.de,,,,,,
378,1.05.9.54.,+49 2336 93 2926,+49 2336 93 2537,infektionsschutz@en-kreis.de,,,,,,
379,1.05.9.58.,0291 94-2202,0291 94-1195,infektionsschutz@hochsauerlandkreis.de,,,,,,
380,1.05.9.62.,,02351 966 7164,gesundheitstelefon@maerkischer-kreis.de,02351 9667272,,,,,
381,1.05.9.66.,02761 81-436,02761 94503436,gesundheitsamt-meldungen@kreis-olpe.de,,,,,,
382,1.05.9.70.,0271 333-2800,0271 333-2810,gesundheit-verbraucherschutz@siegen-wittgenstein.de,,,,,,
383,1.05.9.74.,+49 2921 30-2127,+49 2921 30-2775,infektionsschutz@kreis-soest.de,,,,,,
384,1.05.9.78.,+49 2303 27 0,+49 2303 27 1299,fb53@kreis-unna.de,,,,,,
385,1.06.4.12.,+49 69 212 33970,+49 69-212 30415,info.gesundheitsamt@stadt-frankfurt.de,069 212-77400,corona@stadt-frankfurt.de,069 212-45073,,,
386,1.06.4.13.,069 8065-2111,069 8065 3453,hit.Gesundheitsamt@offenbach.de,,,,,,
387,1.06.4.14.,0611 31-2817,06 1131 39 71,gesundheitsamt@wiesbaden.de,,,,,,
388,1.06.4.31.,+49 6252 15-5396,+49 6252 15-5888,gesundheit@kreis-bergstrasse.de,,,,,,
389,1.06.4.32.,06151 3309-0,06151 319134,verwaltungsverband@gesundheitsamt-dadi.de,06151 3309 777,corona@gesundheitsamt-dadi.de,,06151 3309 777,,
390,1.06.4.33.,06152 989-0,06152 989-349,gesundheitsamt@kreisgg.de,,,,,,
391,1.06.4.34.,06172 999 0,06172 999-9806,gesundheitsamt@hochtaunuskreis.de,,,,,,
392,1.06.4.35.,06051 851-1650,06051 859 11677,hyg.gesundheitsamt@mkk.de,,,,,,
393,1.06.4.36.,06192 201-1130,06192 201-1731,gesundheitsamt@mtk.org,,,,,,
394,1.06.4.37.,06062 70-322,06062 70-448,gesundheitsamt@odenwaldkreis.de,,,,,,
395,1.06.4.38.,06074 8180-63707,06074 8180-1920,gesundheit@kreis-offenbach.de,06074 8180-2222,reise-corona@kreis-offenbach.de,06074 8180-6260,,,
396,1.06.4.39.,06124 510-352,06124 510-388,gesundheitsamt.badschwalbach@rheingau-taunus.de,,,,,,
397,1.06.4.40.,,06031 83 91 2310,gesundheitsamt@wetteraukreis.de,06031 83-2300,,,,,
398,1.02.0.08.,,,,,,,,,
399,1.11.0.11.09.,030 5504-2433,030 5504-4159,,,,,,,
